tweet_id,text,username,cleaned_tweets
1891948552567521751,"Why #smallAImodels can‚Äôt keep up with large ones 

#LargeLanguageModels #LLMs #AI #ArtificialIntelligence #Tech #Technology  

https://t.co/43tfoQzGIV https://t.co/PP6TRk5RxG",andresvilarino,why smallaimodels cant keep up with large ones largelanguagemodels llms ai artificialintelligence tech technology
1891948552483479996,"Google has quietly revised its AI Principles, removing a longstanding pledge not to develop AI for weapons and surveillance applications. #Google #LLMs #DataScience #AI #ArtificialIntelligence https://t.co/iILVCvKQIn",aixsummit,google has quietly revised its ai principles removing a longstanding pledge not to develop ai for weapons and surveillance applications google llms datascience ai artificialintelligence
1891948483881357788,"After an incident, the last thing you want to worry about is sifting through hours of footage. Luckily, the K3Y has you covered. Learn more at the link in bio.

#AI #ArtificialIntelligence #AVs #AV #autonomousvehicles #driving #transportation #safety #Tesla #dashcam https://t.co/OY4O4FoxNq",Matt3rai,after an incident the last thing you want to worry about is sifting through hours of footage luckily the ky has you covered learn more at the link in bio ai artificialintelligence avs av autonomousvehicles driving transportation safety tesla dashcam
1891948463375409358,"Ex-OpenAI CTO Mira Murati launches Thinking Machines Lab, her new AI startup. Reports indicate several former OpenAI employees are joining the venture. #ArtificialIntelligence #TechStartups #MiraMurati #NewsOrbitX",NewsOrbitX,exopenai cto mira murati launches thinking machines lab her new ai startup reports indicate several former openai employees are joining the venture artificialintelligence techstartups miramurati newsorbitx
1891948383138398369,"AI's Influence on Drug Discovery! üíäü§îü§ñ

#m2mtechbytes #cybersecurity #VR #AR #Cloud #BigData #Analytics #DataScience #AI #MachineLearning #Python #React #Linux #Coding #100DaysofCode #Tech #programming #code #STEM https://t.co/dY2v0F7nPI",m2mtechconnect,ais influence on drug discovery mmtechbytes cybersecurity vr ar cloud bigdata analytics datascience ai machinelearning python react linux coding daysofcode tech programming code stem
1891948368273760655,"Collaborative #AI: How Human-AI Teams Can Enhance The Field Service Industry

#cx #artificialintelligence #generativeai #data #cybersecurity #digitaltransformation #MWC2025   

https://t.co/Kwjbyvkkaj https://t.co/yQXpvigESG",digexpl,collaborative ai how humanai teams can enhance the field service industry cx artificialintelligence generativeai data cybersecurity digitaltransformation mwc
1891948367963410647,"#Google #DeepMind CEO Demis Hassabis ‚ÄòCalm and Confident‚Äô About #AI Strategy

#cx #artificialintelligence #generativeai #data #cybersecurity #digitaltransformation #MWC2025   

https://t.co/kFfaSwwJU7 https://t.co/vLmT1IFcQt",AccessCX,google deepmind ceo demis hassabis calm and confident about ai strategy cx artificialintelligence generativeai data cybersecurity digitaltransformation mwc
1891948345238704566,Bringing machine learning into marketing CAN improve business results. Here's how. https://t.co/Se2zSY6q02 #marketing #analytics #machinelearning #datascience,jmmoran12,bringing machine learning into marketing can improve business results heres how marketing analytics machinelearning datascience
1891948247070945462,"My new YouTube video is live! Learn how to download and install Stable Diffusion on Windows &amp; start creating amazing AI art. Step-by-step tutorial for beginners &amp; experts!

#StableDiffusion #YapayZeka #AIArt #AIImageGeneration #AI #ArtificialIntelligence #DeepLearning https://t.co/oUlUNsFaKJ",OneManStudioAI,my new youtube video is live learn how to download and install stable diffusion on windows amp start creating amazing ai art stepbystep tutorial for beginners amp experts stablediffusion yapayzeka aiart aiimagegeneration ai artificialintelligence deeplearning
1891947960067375340,"Watch now and start creating stunning AI art!

#StableDiffusion #YapayZeka #AIArt #AIImageGeneration #AI #ArtificialIntelligence #DeepLearning #MachineLearning #ComputerVision #ImageGeneration #TextToImage https://t.co/8OQFnP3mKB",OneManStudioAI,watch now and start creating stunning ai art stablediffusion yapayzeka aiart aiimagegeneration ai artificialintelligence deeplearning machinelearning computervision imagegeneration texttoimage
1891947833986777124,"BREYKING $NOOZ: Elon Musk unveils Grok 3, claiming it‚Äôs the smartest AI yet! With unmatched reasoning and a human-like edge, is this the future we‚Äôve been waiting for‚Äîor fearing? #AI #ArtificialIntelligence #Nooz #Noozmedia #Grok3 #TechInnovation #ElonMusk #FutureTech‚Ä¶ https://t.co/2gvKeLMEd1 https://t.co/ZWWTGcm2Vc",NoozMedia,breyking nooz elon musk unveils grok claiming its the smartest ai yet with unmatched reasoning and a humanlike edge is this the future weve been waiting foror fearing ai artificialintelligence nooz noozmedia grok techinnovation elonmusk futuretech
1891947803644993808,"How Can AI Help Human Resources Professionals Solve New Challenges In 2025? (A Free International Blog.)

https://t.co/rwFbb4l9MA

#AI 
#artificialintelligence 
#humanresources",KevinSheridan12,how can ai help human resources professionals solve new challenges in a free international blog ai artificialintelligence humanresources
1891947797978456487,"AI Compiler Engineer 
Renesas Electronics

https://t.co/mZv8sQKZkC

Follow to be updated on new #jobs in #AI !

#ML #AIJobs #AITalent #hiring
#MachineLearning
#Singapore
https://t.co/mZv8sQKZkC",illbeback_jobs,ai compiler engineer renesas electronics follow to be updated on new jobs in ai ml aijobs aitalent hiring machinelearning singapore
1891947771600482666,ExoMiner++ on TESS with Transfer Learning from Kepler: Transit Classification and ... https://t.co/76hhtv0F7Z #MachineLearning,EpicPlain,exominer on tess with transfer learning from kepler transit classification and machinelearning
1891947338563780696,"The choice is clear‚Äîstop disrupting, start enhancing. üé¨‚ú®

Click the link in our bio to learn more! 

#ProductPlacement #SmartMarketing #opportunity #creativity #creative #AI #artificialintelligence #productplacement #advertising #marketing #technology #bigdata #tech #innovation‚Ä¶ https://t.co/J35V7VQV8z https://t.co/WwLHUZPW85",GetRembrand,the choice is clearstop disrupting start enhancing click the link in our bio to learn more productplacement smartmarketing opportunity creativity creative ai artificialintelligence productplacement advertising marketing technology bigdata tech innovation
1891947268548198488,"New #MachineLearning Algorithm Identifies Patients Likely to Benefit From LAAO vs. DOAC - @ACCinTouch 

Using #AI to assess patients who benefit from certain therapies. The decision &amp; clinical acumen lie with the clinician. @CorineNgufor @JACCJournals

https://t.co/TdPKS9MJb6",AmiBhattMD,new machinelearning algorithm identifies patients likely to benefit from laao vs doac using ai to assess patients who benefit from certain therapies the decision amp clinical acumen lie with the clinician
1891946939014386056,"Echoes of Language
""Unnatural Thoughts""
https://t.co/MfYKtfzvpX
#Unnatural #Thoughts #ArtificialIntelligence https://t.co/udW3oULqUZ",BCWHSecurity,echoes of language unnatural thoughts unnatural thoughts artificialintelligence
1891946777881837580,"Behold the haunting beauty of Medusa reimagined. Her gaze, golden and unyielding, captivates amidst a nest of serpents. A masterpiece of darkness and light crafted by AI. #ArtificialIntelligence #MythologyArt #Medusa #Aiart #Digitalart #art #tech #ai #Beautiful #crypto https://t.co/tO71nBIaRi",_KI_Lionel_,behold the haunting beauty of medusa reimagined her gaze golden and unyielding captivates amidst a nest of serpents a masterpiece of darkness and light crafted by ai artificialintelligence mythologyart medusa aiart digitalart art tech ai beautiful crypto
1891946578597810353,"World's first human procedure by #Robotic dentist
by @gigadgets_
 
#Robotics #ArtificialIntelligence #MachineLearning #AI #ML #MI #Innovation
 
cc: @amuellerml @tamaramccleary @chr1sa https://t.co/azrJLeGJLG",Ronald_vanLoon,worlds first human procedure by robotic dentist by robotics artificialintelligence machinelearning ai ml mi innovation cc
1891946434116587838,"GROK 3‚ù§Ô∏è

#ArtificialIntelligence #AIModel #AIAvatar #AItools #AItechnology #AITrends https://t.co/VyLngUGZUI",ai_prokhorovich,grok artificialintelligence aimodel aiavatar aitools aitechnology aitrends
1891945842086412609,"AI for the people? How #China‚Äôs AI development challenges U.S. big tech
#ArtificialIntelligence 
https://t.co/xZSVHpUNzg",StruggleLaLucha,ai for the people how chinas ai development challenges us big tech artificialintelligence
1891945746531828210,"In today's @WSJ, a general use #AI tool (@ray_ban @Meta AI Glasses) is a potential game changer for the visually impaired. #artificialintelligence #vision #blind https://t.co/uxPt44eZtJ",RogerDKlein,in todays a general use ai tool ai glasses is a potential game changer for the visually impaired artificialintelligence vision blind
1891945580579918007,"Matrix=AM Trix

AM=Amanita Muscaria üçÑ=bioweapon, distorting reality, dilating time-The Water Watch-keeping us trapped in a hel-luci-nation...
#shoggoth 
#bioweapon 
#TheMatrix 
#AI #StargateAI #Artificialintelligence
#Skynet
#DonaldTrump #Trump 
#MAGA #Watchthewater
#StarWars https://t.co/CAyt1rrqRQ",dontholdthelie,matrixam trix amamanita muscaria bioweapon distorting reality dilating timethe water watchkeeping us trapped in a hellucination shoggoth bioweapon thematrix ai stargateai artificialintelligence skynet donaldtrump trump maga watchthewater starwars
1891944997210988886,"My 1st @openai Sora video üçø 

#AI ü§ñ is going to change everything! 
#ArtificialIntelligence https://t.co/DrDWNIdTKw",SusanLiTV,my st sora video ai is going to change everything artificialintelligence
1891944898263138626,"If your account is Hacked, or your Account being tempered with, All you need is a Good hacker...
Inbox now for all Hacking
Services
#Hacked #icloud #snapchat
#Discord
#Roblox #missingphone #privacy
#CyberSecurity #cyberattack
#Linux
#MachineLearning
#DataScience
#DataAnalytics: https://t.co/s59E195nro",godsent_hq,if your account is hacked or your account being tempered with all you need is a good hacker inbox now for all hacking services hacked icloud snapchat discord roblox missingphone privacy cybersecurity cyberattack linux machinelearning datascience dataanalytics
1891944832332873964,"Wondering how to earn income launching your hit novel on Amazon KDP in a quick 24 hours through ChatGPT? Here are important strategies to create a bestselling book on Amazon KDP with ChatGPT. Claim your free report:
 
https://t.co/2U5Cuabz5i
 
#artificialintelligence #ebook #free https://t.co/NvRTg8MGah",janettham888,wondering how to earn income launching your hit novel on amazon kdp in a quick hours through chatgpt here are important strategies to create a bestselling book on amazon kdp with chatgpt claim your free report artificialintelligence ebook free
1891944817447354463,"Unlock Ways to Make Money Selling Your Bestseller on Amazon KDP in just 24 Hours Using ChatGPT. Essential strategies to create a hit title on Amazon KDP with ChatGPT. Download a free report: .
 
https://t.co/Bbem2io6Vh
 
#artificialintelligence #ebook #free #freedownload
 
Advice https://t.co/t384NjcnnG",shellykhowell74,unlock ways to make money selling your bestseller on amazon kdp in just hours using chatgpt essential strategies to create a hit title on amazon kdp with chatgpt download a free report artificialintelligence ebook free freedownload advice
1891944805803954574,"Curious about how to make money creating your bestseller on Amazon KDP in one day with ChatGPT? Discover key strategies to release a bestselling book on Amazon KDP using ChatGPT. Access your free report:
 
https://t.co/WTLwMEhbqQ
 
#artificialintelligence #ebook #free #freedownlo https://t.co/50QnxYPM7v",MSMAware,curious about how to make money creating your bestseller on amazon kdp in one day with chatgpt discover key strategies to release a bestselling book on amazon kdp using chatgpt access your free report artificialintelligence ebook free freedownlo
1891944801966202930,"If your account is Hacked, or your Account being tempered with, All you need is a Good hacker...
Inbox now for all Hacking Services
#Hacked #icloud #snapchat #Discord
#Roblox #missingphone #privacy
#CyberSecurity #cyberattack #Linux
#MachineLearning #DataScience
#DataAnalytics https://t.co/b23PjPeEyZ",godsent_hq,if your account is hacked or your account being tempered with all you need is a good hacker inbox now for all hacking services hacked icloud snapchat discord roblox missingphone privacy cybersecurity cyberattack linux machinelearning datascience dataanalytics
1891944705253908575,"If AI, geopolitics shift the ground beneath you, you‚Äôre in the right place, by @scmp_joma, China News Editor @SCMP_News 

https://t.co/hJZLh2PpMk

#ArtificialIntelligence #AI #AIrace #diplomacy #US #USA #China",eevriviades,if ai geopolitics shift the ground beneath you youre in the right place by china news editor artificialintelligence ai airace diplomacy us usa china
1891944333374288291,"AI isn‚Äôt just changing technology‚Äîit‚Äôs changing how we think, create, and collaborate. I wrote a book about AI, with AI. Two Intelligences, One Future is out now: 

https://t.co/DmdoC2iymU

#AI #ArtificialIntelligence #FutureOfWork #WritingWithAI",raymondbean,ai isnt just changing technologyits changing how we think create and collaborate i wrote a book about ai with ai two intelligences one future is out now ai artificialintelligence futureofwork writingwithai
1891944231700250864,"Day 2 - Week 2 | ALX AI Starter Kit
Explored NotebookLM today! üí° A great tool for summarizing info, extracting key insights, and managing sources efficiently. üöÄ

üìå Helps structure research &amp; learning better!

üìö #ALXAI #MachineLearning #NotebookLM #AI #Learning #ALX_AiSK https://t.co/gGCxdtULax",AishaHamdy72885,day week alx ai starter kit explored notebooklm today a great tool for summarizing info extracting key insights and managing sources efficiently helps structure research amp learning better alxai machinelearning notebooklm ai learning alxaisk
1891944013445398800,"üöÄ AI, Automation &amp; Your Data ‚Äì Are You Ready?

The future of business is AI-driven automation‚Äîbut what if your data is stuck in a system without API access? ü§Ø

#n8n #make #zapier #ai #artificialintelligence

https://t.co/FrGWaynt8x",fetosoft,ai automation amp your data are you ready the future of business is aidriven automationbut what if your data is stuck in a system without api access nn make zapier ai artificialintelligence
1891943637241438450,https://t.co/JUv76KLXzJ  research #alx #ALXAIKit #AI #PromptEngineering #AIGeneratedArt #ArtificialIntelligence,eslam__osama__,research alx alxaikit ai promptengineering aigeneratedart artificialintelligence
1891943506102390894,"At HTC, generative AI plays a pivotal role in strategy development and performance analytics, to position our clients at the forefront of the social media landscape.

#AI #artificialintelligence #technology #marketing #DigitalMarketing #HTCDME https://t.co/ZG3X7tyd9f",HTCWebSolutions,at htc generative ai plays a pivotal role in strategy development and performance analytics to position our clients at the forefront of the social media landscape ai artificialintelligence technology marketing digitalmarketing htcdme
1891943328473809078,"Feature Selection in Machine Learning by Soledad Galli, PhD is on sale on Leanpub! Its suggested price is $29.99; get it for $21.24 with this coupon: https://t.co/vHmSkeT1z9 @Soledad_Galli #Python #Ai #MachineLearning #ProgrammingCookbooks",leanpub,feature selection in machine learning by soledad galli phd is on sale on leanpub its suggested price is get it for with this coupon python ai machinelearning programmingcookbooks
1891943237562085872,"TEST BANK for Information Technology for Management;Driving Digital Transformation 12th Edition by Turban,Pollard &amp; Wood

https://t.co/0ZtqKanqJ8

#DigitalTransformation
#InformationTechnology
#DataAnalytics
#CyberSecurity
#ArtificialIntelligence
#BusinessIntelligence
#Enterprise",DroneSturdy,test bank for information technology for managementdriving digital transformation th edition by turbanpollard amp wood digitaltransformation informationtechnology dataanalytics cybersecurity artificialintelligence businessintelligence enterprise
1891943177998721393,üåü Elevate your crypto game with AI Fan Token (AI)! The world's premier AI Memecoin! üöÄ #AIFanToken #AI #ArtificialIntelligence $AI #memecoin #memecoins #aiagent #aiagents #aiinnovation #airevolution https://t.co/t5zRmW2EB3,_deepseek,elevate your crypto game with ai fan token ai the worlds premier ai memecoin aifantoken ai artificialintelligence ai memecoin memecoins aiagent aiagents aiinnovation airevolution
1891943164069499172,Please Click: https://t.co/EqAq7MsAw2 for an #Engineering chain of Logic that shows how Life After Death is a real possibility. #ArtificialIntelligence #Knowledge #AI #Philosophy #Mind #MachineLearning #Consciousness,SteveKlinko,please click for an engineering chain of logic that shows how life after death is a real possibility artificialintelligence knowledge ai philosophy mind machinelearning consciousness
1891942977880096998,üåü Elevate your crypto game with AI Fan Token (AI)! The world's premier AI Memecoin! üöÄ #AIFanToken #AI #ArtificialIntelligence $AI #memecoin #memecoins #aiagent #aiagents #cryptoai #aicrypto https://t.co/wm0NDN8TEp,aifantoken8,elevate your crypto game with ai fan token ai the worlds premier ai memecoin aifantoken ai artificialintelligence ai memecoin memecoins aiagent aiagents cryptoai aicrypto
1891942794010534023,"Faced some challenges with free AI &amp; Twitter API auth, but found workarounds! Check out the video &amp; GitHub repo. Not polished‚Äîjust focused on making it work. Hope you like it! üî•

#AI #Automation #YouTubeToTwitter #BuildInPublic #MachineLearning",RahulBh77113306,faced some challenges with free ai amp twitter api auth but found workarounds check out the video amp github repo not polishedjust focused on making it work hope you like it ai automation youtubetotwitter buildinpublic machinelearning
1891942784115806408,üåü Elevate your crypto game with AI Fan Token (AI)! The world's premier AI Memecoin! üöÄ #AIFanToken #AI #ArtificialIntelligence $AI #memecoin #memecoins #aiagent #aiagents #aitoken #tokenai https://t.co/m8I8PioHcQ,aifantoken4,elevate your crypto game with ai fan token ai the worlds premier ai memecoin aifantoken ai artificialintelligence ai memecoin memecoins aiagent aiagents aitoken tokenai
1891942009927237940,"@LG #AI #Research Releases #NEXUS: An Advanced System Integrating #AgentAI System &amp; #Data Compliance Standards to Address Legal Concerns in AI #Datasets

#LargeLanguageModels #LLMs #ArtificialIntelligence #Tech #technology 

https://t.co/naPKVOjpjA https://t.co/f3IlV7hES3",andresvilarino,ai research releases nexus an advanced system integrating agentai system amp data compliance standards to address legal concerns in ai datasets largelanguagemodels llms artificialintelligence tech technology
1891942003316797839,"HumanGif learns a single-view human diffusion with generative prior.

Paper: HumanGif: Single-View Human Diffusion with Generative Prior
Link: https://t.co/9WSC5kB1jk
Project: https://t.co/SB0JrJG0bL

#AI #AIÁæéÂ•≥ #LLMs #deeplearning #machinelearning #3D https://t.co/9haOuG54R9",ai_bites,humangif learns a singleview human diffusion with generative prior paper humangif singleview human diffusion with generative prior link project ai ai llms deeplearning machinelearning d
1891941506518225167,"For creative minds https://t.co/9ilgTaZ72F
Play inside of your #painting with a bit of AI magic ‚ù§Ô∏èüéÆ #indiedev #gamedev #switch #Nindie #madewithunity #NintendoLife #PixelArt #8bitart #discord #supermariomaker2 #Yoshi #family #artificialintelligence #puzzle #games #indiegames https://t.co/KdFSPEDfqI",BplusGames,for creative minds play inside of your painting with a bit of ai magic indiedev gamedev switch nindie madewithunity nintendolife pixelart bitart discord supermariomaker yoshi family artificialintelligence puzzle games indiegames
1891941210937262588,"Benfica vs AS Monaco today!
Our #MachineLearning model gives Benfica 66% chance to win! Stats on https://t.co/7waeSxLTJI 
#UEFAChampionsLeague #Benfica #ASMonaco #UCL #ChampionsLeague https://t.co/YP0pSxiE9L",uanalyse,benfica vs as monaco today our machinelearning model gives benfica chance to win stats on uefachampionsleague benfica asmonaco ucl championsleague
1891941042703761589,"Google has officially expanded its Gemini 2.0 lineup, making several AI models available to developers and users worldwide. #Google #Gemini #LLMs #DataScience #AI #ArtificialIntelligence https://t.co/NVcbA66xjx",sheamusmcgov,google has officially expanded its gemini lineup making several ai models available to developers and users worldwide google gemini llms datascience ai artificialintelligence
1891941021824463157,"Google has quietly revised its AI Principles, removing a longstanding pledge not to develop AI for weapons and surveillance applications. #Google #LLMs #DataScience #AI #ArtificialIntelligence https://t.co/Vo56hJagp2",AICareerLab,google has quietly revised its ai principles removing a longstanding pledge not to develop ai for weapons and surveillance applications google llms datascience ai artificialintelligence
1891940996201558452,"C++mostly used in
Rn
#ArtificialIntelligence #Al #ML
#DataScience #DataScientists
#CodeNewbies #Tech #deeplearning
#CyberSecurity #Python #Coding #javascript #rstats #100DaysOfCode #programming #Linux #loT #lloT
#BigData https://t.co/1gW4k08Nty",Anonymous32402,cmostly used in rn artificialintelligence al ml datascience datascientists codenewbies tech deeplearning cybersecurity python coding javascript rstats daysofcode programming linux lot llot bigdata
1891940974990946685,"AI is getting wild‚Äîwould you ever use AI-generated backgrounds for your product photos?
#ClickTricks101 #ArtificialIntelligence #Kitchener #Waterloo #AI https://t.co/gVIWQzU0JX",Clicktricks101,ai is getting wildwould you ever use aigenerated backgrounds for your product photos clicktricks artificialintelligence kitchener waterloo ai
1891940973363544082,Five ways to make the most of AI in 2025. Via @CEOMagazineGL https://t.co/KCVXQBvQUE   #AI2025 #ArtificialIntelligence #FutureOfAI #AIBusiness #DigitalTransformation https://t.co/uUqGrkYkHg,limranewscenter,five ways to make the most of ai in via ai artificialintelligence futureofai aibusiness digitaltransformation
1891940950101913910,China Daily @chinadaily: Multiple sectors adopt DeepSeek integration to harness AI empowerment - China Daily. #ArtificialIntelligence #MachineLearning #AI https://t.co/E8tYNLLbQo,nordicinst,china daily multiple sectors adopt deepseek integration to harness ai empowerment china daily artificialintelligence machinelearning ai
1891940916744552630,"Send Me A DM for all digital hacking
#MachineLearning #DataScience #SQL
#Cybersecurity #BigData #Analytics #Al #lloT #Python #JavaScript #ReactJS 
#CloudComputing #Serverless
#DataScientist #Linux #Programming #Coding #100DaysofCode #NodeJS #golang #NLP #GitHub #loT https://t.co/pKaMyfAdqe",Anonymous32402,send me a dm for all digital hacking machinelearning datascience sql cybersecurity bigdata analytics al llot python javascript reactjs cloudcomputing serverless datascientist linux programming coding daysofcode nodejs golang nlp github lot
1891940855637746151,"60% of Consumers Use Voice Assistants

#cx #artificialintelligence #generativeai #data #cybersecurity #digitaltransformation #MWC2025   

https://t.co/vTfad0ytAL https://t.co/nZn0AHgwfi",AccessCX,of consumers use voice assistants cx artificialintelligence generativeai data cybersecurity digitaltransformation mwc
1891940853192466573,"From Fear To Freedom: The Rise Of Precision #Wellness #Medicine

#ai #artificialintelligence #generativeai #data #cybersecurity #digitaltransformation #MWC2025 @CurieuxExplorer @Fabriziobustama @XavierAncelin @chidambara09 @PawlowskiMario @labordeolivier @pierrepinna @FinMKTG‚Ä¶ https://t.co/ZjSaovNvE6 https://t.co/ndwnUB5I8c",BetaMoroney,from fear to freedom the rise of precision wellness medicine ai artificialintelligence generativeai data cybersecurity digitaltransformation mwc
1891940852550824438,"The Future Of #Transportation: #AI, Connectivity And Safety In 2025

#cx #artificialintelligence #generativeai #data #cybersecurity #digitaltransformation #MWC2025   

https://t.co/0F4NE0uy03 https://t.co/87ULmwwqP6",digexpl,the future of transportation ai connectivity and safety in cx artificialintelligence generativeai data cybersecurity digitaltransformation mwc
1891940825929596994,"Can AI üß† Transform Our Relationships with Animals? üêæ
#AnimalCommunication #ArtificialIntelligence #EthicalConsiderations #AnimalEmotions #HumanAnimalBond #Consciousness #TechAndAnimals #AIRevolution #ScienceBreakthroughs #WildlifeIntelligence https://t.co/CqD6oT1KMy",imstTelehealth,can ai transform our relationships with animals animalcommunication artificialintelligence ethicalconsiderations animalemotions humananimalbond consciousness techandanimals airevolution sciencebreakthroughs wildlifeintelligence
1891940816945385870,"Atalanta vs Club Brugge today!
Our #MachineLearning model gives Atalanta 40% chance to win! Get the best predictions on https://t.co/GApV0DZv5R 
#UEFAChampionsLeague #Atalanta #ClubBrugge #UCL #ChampionsLeague https://t.co/2OpsxKQYRv",uanalyse,atalanta vs club brugge today our machinelearning model gives atalanta chance to win get the best predictions on uefachampionsleague atalanta clubbrugge ucl championsleague
1891940810171555887,Antifreezing Ultrathin Bioionic Gel-Based Wearable System for Artificial Intelligence-Assisted Arrhythmia Diagnosis in Hypothermia #machinelearning #compchem https://t.co/zZo241sW0Y,ML_Chem,antifreezing ultrathin bioionic gelbased wearable system for artificial intelligenceassisted arrhythmia diagnosis in hypothermia machinelearning compchem
1891940809370419342,"It's mandatory password expiration helping or hurting your password security?
#DataSecurity #Privacy
#100DaysOfCode #CloudSecurity
#MachineLearning #Phishing #Ransomware #Cybersecurity #CyberAttack https://t.co/ncVgTz6Bhl",Anonymous32402,its mandatory password expiration helping or hurting your password security datasecurity privacy daysofcode cloudsecurity machinelearning phishing ransomware cybersecurity cyberattack
1891940788298297800,A Machine-Learned ‚ÄúChemical Intuition‚Äù to Overcome Spectroscopic Data Scarcity #machinelearning #compchem https://t.co/9kxk5F8Uvi,ML_Chem,a machinelearned chemical intuition to overcome spectroscopic data scarcity machinelearning compchem
1891940766395613329,Integrating Machine Learning and Quantum Circuits for Proton Affinity Predictions #machinelearning #compchem https://t.co/mTOQhaoSh2,ML_Chem,integrating machine learning and quantum circuits for proton affinity predictions machinelearning compchem
1891940757336097077,"ChatGPT: Build Custom GPTs to Automate Your Work

=&gt;https://t.co/d4fbQOGTzI

#100DaysOfCode #ChatGPT #Python #DeepLearning #DataScience #MachineLearning #udemy #free #coupons https://t.co/ZYwIREt4i4",CouponsFreeDis1,chatgpt build custom gpts to automate your work gt daysofcode chatgpt python deeplearning datascience machinelearning udemy free coupons
1891940755783966946,"For creative minds https://t.co/9ilgTaZ72F
Play inside of your #painting with a bit of AI magic ‚ù§Ô∏èüéÆ #indiedev #gamedev #switch #Nindie #madewithunity #NintendoLife #PixelArt #8bitart #discord #supermariomaker2 #Yoshi #family #artificialintelligence #puzzle #games #indiegames https://t.co/CLioUHwUHt",BplusGames,for creative minds play inside of your painting with a bit of ai magic indiedev gamedev switch nindie madewithunity nintendolife pixelart bitart discord supermariomaker yoshi family artificialintelligence puzzle games indiegames
1891940747290554768,"With AI answering services being so new, and with skepticism around AI reducing the quality of human customer service, is it actually...worth it? Click the link below to learn more now!
https://t.co/R4UdQcdXNW
#artificialintelligence #ai #b2b #answeringservice #callcenter",AmbsCallCenter,with ai answering services being so new and with skepticism around ai reducing the quality of human customer service is it actuallyworth it click the link below to learn more now artificialintelligence ai bb answeringservice callcenter
1891940681431777672,"Elon Musk's xAI just dropped Grok 3, an AI model that outperforms GPT-4o, Gemini, and DeepSeek‚Äîleading the Chatbot Arena rankings and redefining the AI race! üèÜü§ñ

Read more: https://t.co/xGolDsClaN #ArtificialIntelligence #MachineLearning  #ElonMusk #Grok3 #ChatbotArena",MichaelFNunez,elon musks xai just dropped grok an ai model that outperforms gpto gemini and deepseekleading the chatbot arena rankings and redefining the ai race read more artificialintelligence machinelearning elonmusk grok chatbotarena
1891940514674389157,"8 strange ways emproyees can (accidently) expose data #DataSecurity #Privacy
#100DaysOfCode #CloudSecurity
#MachineLearning #Phishing
#Ransomware #Cybersecurity #CyberAttack #DataProtection
#DataBreach #Hacked #Infosec!!!!!! https://t.co/ltkXk2soL1",Anonymous32402,strange ways emproyees can accidently expose data datasecurity privacy daysofcode cloudsecurity machinelearning phishing ransomware cybersecurity cyberattack dataprotection databreach hacked infosec
1891940442817569161,"#Artificialintelligence #AI #Success #Superintelligence #Fintech #Agi #generalintelligence #reels #Facebookreel #facebookviral

Ios App for Onezypher - Onestop investment solution 

https://t.co/fSYV4N60vK

Android App:

https://t.co/vnFUB29GAb

#JagdipSanghera #Onezypher #App https://t.co/z6xIT0JPHo",onezypher_ltd,artificialintelligence ai success superintelligence fintech agi generalintelligence reels facebookreel facebookviral ios app for onezypher onestop investment solution android app jagdipsanghera onezypher app
1891940403944837165,"If your account is Hacked, or your Account being tempered with, All you need is a Good hacker...
Inbox now for all Hacking
Services
#Hacked #icloud #snapchat
#Discord
#Roblox #missingphone #privacy
#CyberSecurity #cyberattack
#Linux
#MachineLearning
#DataScience
#DataAnalytics: https://t.co/x93uswtgQN",godsent_hq,if your account is hacked or your account being tempered with all you need is a good hacker inbox now for all hacking services hacked icloud snapchat discord roblox missingphone privacy cybersecurity cyberattack linux machinelearning datascience dataanalytics
1891940171978768760,"#ArtificialIntelligence and #MachineLearning are rapidly becoming important tools in the Product Management and Growth Marketing #toolkit and can be used to automate a wide range of tasks, including #dataanalysis, marketing campaigns, and customer services. 
#Thevisionarycreation",Pontsho_TVC,artificialintelligence and machinelearning are rapidly becoming important tools in the product management and growth marketing toolkit and can be used to automate a wide range of tasks including dataanalysis marketing campaigns and customer services thevisionarycreation
1891939780847399240,"Shadow #Robot is a pioneer in robotic systems
by @shadowrobot

#Robotics #Engineering #ArtificialIntelligence #Innovation #Technology  

cc: @bernardmarr @paula_piccard @HaroldSinnott https://t.co/b7mhqaKRL7",Ronald_vanLoon,shadow robot is a pioneer in robotic systems by robotics engineering artificialintelligence innovation technology cc
1891939461119819874,"If your account is Hacked, or your Account being tempered with, All you need is a Good hacker...
Inbox now for all Hacking
Services
#Hacked #icloud #snapchat
#Discord
#Roblox #missingphone #privacy
#CyberSecurity #cyberattack
#Linux
#MachineLearning
#DataScience
#DataAnalytics: https://t.co/piod97mfAK",godsent_hq,if your account is hacked or your account being tempered with all you need is a good hacker inbox now for all hacking services hacked icloud snapchat discord roblox missingphone privacy cybersecurity cyberattack linux machinelearning datascience dataanalytics
1891939162934083958,"Hacking is easy,
DM to Recover or Hack accounts and missing phones. #DataSecurity #Privacy #100DaysOfCode #CloudSecurity
#MachineLearning #Phishing #Ransomware #Cybersecurity 
#CyberAttack #DataProtection #DataBreach #Hacked #infosecurity #javascript #Python #pytschool #Barbecue https://t.co/rBKdn3MCFC",DCybersentinel,hacking is easy dm to recover or hack accounts and missing phones datasecurity privacy daysofcode cloudsecurity machinelearning phishing ransomware cybersecurity cyberattack dataprotection databreach hacked infosecurity javascript python pytschool barbecue
1891938912710316433,"Crypto feels broken right now, but your resilience, optimism, and vision have brought us this far. Don‚Äôt let setbacks overshadow a decade of progress. Great projects are ahead‚Äîstay focused, keep building, and push forward! $QCORE is coming‚Ä¶ #ArtificialIntelligence #AIPowered‚Ä¶ https://t.co/LwSI0BTpnY https://t.co/mYo5ZY8uXb",QuantCore_ai,crypto feels broken right now but your resilience optimism and vision have brought us this far dont let setbacks overshadow a decade of progress great projects are aheadstay focused keep building and push forward qcore is coming artificialintelligence aipowered
1891938660313960496,"Learn More &amp; Start Building! Ready to leverage Ocean Compute-to-Data for algorithm execution? Check out the developer docs to get started!
https://t.co/t4hVLOU0oe
#OceanProtocol #AI #MachineLearning #DataPrivacy #Web3",AwesomeGodsp,learn more amp start building ready to leverage ocean computetodata for algorithm execution check out the developer docs to get started oceanprotocol ai machinelearning dataprivacy web
1891938467518505158,"@mustafasuleyman I am unsure if this already exists in the AI world, but wouldn't it be great if there were an overarching collaboration to register, co-work and co-ordinate all such advances  like Human Genome Project or Human Connectome Project.
#AI  #ArtificialIntelligence  #Neuroscience",AlastairMAuthor,i am unsure if this already exists in the ai world but wouldnt it be great if there were an overarching collaboration to register cowork and coordinate all such advances like human genome project or human connectome project ai artificialintelligence neuroscience
1891938328057946120,"If your account is Hacked, or your Account being tempered with, All you need is a Good hacker...
Inbox now for all Hacking
Services
#Hacked #icloud #snapchat
#Discord
#Roblox #missingphone #privacy
#CyberSecurity #cyberattack
#Linux
#MachineLearning
#DataScience
#DataAnalytics: https://t.co/Ed9tukW0lP",decrypt_tech,if your account is hacked or your account being tempered with all you need is a good hacker inbox now for all hacking services hacked icloud snapchat discord roblox missingphone privacy cybersecurity cyberattack linux machinelearning datascience dataanalytics
1891938261116895293,A new Science #Robotics study describes how #MachineLearning-directed optimization helped design a millimeter-scale #biohybrid ray that can swim more efficiently than previous biomimetic designs. https://t.co/6nj2mGrB9y https://t.co/I2q62nCq46,SciRobotics,a new science robotics study describes how machinelearningdirected optimization helped design a millimeterscale biohybrid ray that can swim more efficiently than previous biomimetic designs
1891938007684387076,"Anthaea-Grace is working on her Krembil Research Day submission, and gave us a sneak peek on what it's all about! üë©üèΩ‚Äçüî¨üß†

#TraineeTuesday #Parkinson #ParkinsonsDisease #MachineLearning #AI https://t.co/IvJNPBywP8 https://t.co/xAQG4xdsS0",KBI_UHN,anthaeagrace is working on her krembil research day submission and gave us a sneak peek on what its all about traineetuesday parkinson parkinsonsdisease machinelearning ai
1891937790704730429,"Clash of Titans: AI‚Äôs Future at Stake

#OpenAI #AI #ChatGPT #Tech #Ethics #MachineLearning https://t.co/PbUaZ1faON",AmericanMuslimT,clash of titans ais future at stake openai ai chatgpt tech ethics machinelearning
1891937523376492933,"It's hilarious when... someone claims to be an AI expert, but they don't even know the basics. #AI #artificialintelligence #fail #funny #clueless üòÇ",DaNikolich,its hilarious when someone claims to be an ai expert but they dont even know the basics ai artificialintelligence fail funny clueless
1891937511209115826,"Discover the groundbreaking capabilities of #Grok3, Elon Musk's latest AI innovation. My article explores its unmatched performance and potential impact. Read more:  
https://t.co/pG4hAYx3CI

#AI #ElonMusk #TechNews #ArtificialIntelligence #GenerativeAI #GenAI #MachineLearning‚Ä¶ https://t.co/DH5FJJrVLW",shobhit15516026,discover the groundbreaking capabilities of grok elon musks latest ai innovation my article explores its unmatched performance and potential impact read more ai elonmusk technews artificialintelligence generativeai genai machinelearning
1891937440715206772,"A Personalized AI Research Assistant is an AI tool that helps users find, summarize, and analyze information based on their specific needs, preferences, and past interactions 

@alx_africa 

#AIStarterKit
#AIALX
#ArtificialIntelligence https://t.co/VNVi4LeU8v",Roayanee,a personalized ai research assistant is an ai tool that helps users find summarize and analyze information based on their specific needs preferences and past interactions aistarterkit aialx artificialintelligence
1891937429311062234,"üöÄ AIProtocol is changing the game in AI &amp; blockchain! Don't miss out on $AI ‚Äì the future of decentralized intelligence.

üîó CA: 0x938171227eCE879267122a36847B219cbd3B9D47

#AIProtocol #Crypto #Blockchain #ArtificialIntelligence https://t.co/fOfZ6a6Ys1",Blinkbigwin,aiprotocol is changing the game in ai amp blockchain dont miss out on ai the future of decentralized intelligence ca xeceabcbdbd aiprotocol crypto blockchain artificialintelligence
1891937239153693145,"AI Advance Arch Animation Workshop Kling AI

Info: https://t.co/codPhLiQCL

üìÖ Reserve your spot now! https://t.co/iI161DAqmP
DM for additional information!

#aifilm #aifilmmaking #klingai #artificialintelligence #aimovie #aiarchitecture #aiarchitecturedesign https://t.co/P35HMPblVi",RoloCedAI,ai advance arch animation workshop kling ai info reserve your spot now dm for additional information aifilm aifilmmaking klingai artificialintelligence aimovie aiarchitecture aiarchitecturedesign
1891937228282016133,"Unlock the potential of customer insights and AI analytics. Download our eBook now! #CustomerInsights #ArtificialIntelligence #BusinessStrategy 

https://t.co/Ji1ibHswyq",CayerisEmpire,unlock the potential of customer insights and ai analytics download our ebook now customerinsights artificialintelligence businessstrategy
1891937228189991426,"Unlock the potential of customer insights and AI analytics. Download our eBook now! #CustomerInsights #ArtificialIntelligence #BusinessStrategy 

https://t.co/Ji1ibHt4nY",CayerisEmpire,unlock the potential of customer insights and ai analytics download our ebook now customerinsights artificialintelligence businessstrategy
1891937192802443292,"Great game at #CappielowPark today!
Our #MachineLearning model gives Greenock Morton 44% chance to win! Get the best predictions on https://t.co/GApV0DZv5R 
#ScottishChampionship #GreenockMorton #HamiltonAcademical https://t.co/bpDMZp79yC",uanalyse,great game at cappielowpark today our machinelearning model gives greenock morton chance to win get the best predictions on scottishchampionship greenockmorton hamiltonacademical
1891937167057797238,"MyAgent - Smarter, Cost-Free, and Always On.

Discover how $AGI revolutionizes Telegram Moderation &amp; Governance with your own tailored AI Agent.

Build your free Agent: https://t.co/8rHNhhCT03

https://t.co/y69KiLbyMO

#ArtificialIntelligence #Ethereum #AIAgent",Agently_AI,myagent smarter costfree and always on discover how agi revolutionizes telegram moderation amp governance with your own tailored ai agent build your free agent artificialintelligence ethereum aiagent
1891937160946708805,"üö® BREAKING: Perplexity just dropped a FREE AI research tool that rivals OpenAI‚Äôs $200/month service.

üî• = Perplexity is the future
üíÄ = OpenAI still rules

@OpenAI 
@perplexity_ai 
@elonmusk 

#AI #ArtificialIntelligence #Perplexity #OpenAI",Eurokiwiboy,breaking perplexity just dropped a free ai research tool that rivals openais month service perplexity is the future openai still rules ai artificialintelligence perplexity openai
1891937044907057227,"Nice game between Preston North End vs Millwall!
Our #MachineLearning model gives Preston North End 39% chance to win! Stats on https://t.co/gMBHYjqGEm 
#EnglishLeagueChampionship #PrestonNorthEnd #Millwall #NoneNone https://t.co/jFoQSXKC9y",uanalyse,nice game between preston north end vs millwall our machinelearning model gives preston north end chance to win stats on englishleaguechampionship prestonnorthend millwall nonenone
1891937036472385847,"#Anthropic Set to Launch Hybrid #AI Model With Variable Reasoning Levels

#cx #artificialintelligence #generativeai #data #cybersecurity #digitaltransformation #MWC2025   

https://t.co/BbzJG8Velp https://t.co/i8M13dOuYU",AccessCX,anthropic set to launch hybrid ai model with variable reasoning levels cx artificialintelligence generativeai data cybersecurity digitaltransformation mwc
1891936998035804170,Thanks so much Brendan for this great review of my #AI book!  Appreciate the feedback &amp; thankful for the book study! @ISTEOfficial #education #edchat #edtech #teaching #artificialintelligence #k12 #suptchat #iste https://t.co/epORUi4sD6,Rdene915,thanks so much brendan for this great review of my ai book appreciate the feedback amp thankful for the book study education edchat edtech teaching artificialintelligence k suptchat iste
1891936855102533955,"@cb_doge @elonmusk @ID_AA_Carmack @SDSU @Caltech Anyway, M. @cb_doge and M. @elonmusk et alii, I made point of taking elective classes in #ArtificialIntelligence at @SDSU, and now I feel as though it's time to resurrect those long-dead skills and put them to work against you lot. I'm pretty sure I could make a chatbot.

~Chara",chara_tomlins,anyway m and m et alii i made point of taking elective classes in artificialintelligence at and now i feel as though its time to resurrect those longdead skills and put them to work against you lot im pretty sure i could make a chatbot chara
1891936802874737054,"MyAgent - Smarter, Cost-Free, and Always On.

Discover how $AGI revolutionizes Telegram Moderation &amp; Governance with your own tailored AI Agent.

Build your free Agent: https://t.co/8rHNhhCT03

https://t.co/349p2cKJFN

#ArtificialIntelligence #etherum #AIAgent",Agently_AI,myagent smarter costfree and always on discover how agi revolutionizes telegram moderation amp governance with your own tailored ai agent build your free agent artificialintelligence etherum aiagent
1891936635291341270,"Excited to share that I‚Äôve been accepted as a @perplexity_ai Business Fellow!

More to come soon‚Äîexcited for what‚Äôs ahead! üöÄ

#ArtificialIntelligence #AI #AIInnovation #Entrepreneurship #PerplexityAI #Perplexity https://t.co/LXL86ATn23",VladOnVenture,excited to share that ive been accepted as a business fellow more to come soonexcited for whats ahead artificialintelligence ai aiinnovation entrepreneurship perplexityai perplexity
1891936472942641398,"For creative minds https://t.co/9ilgTaZESd
Play inside of your #painting with a bit of AI magic ‚ù§Ô∏èüéÆ #indiedev #gamedev #switch #Nindie #madewithunity #NintendoLife #PixelArt #8bitart #discord #supermariomaker2 #Yoshi #family #artificialintelligence #puzzle #games #indiegames https://t.co/Y6Ea1ls5KV",BplusGames,for creative minds play inside of your painting with a bit of ai magic indiedev gamedev switch nindie madewithunity nintendolife pixelart bitart discord supermariomaker yoshi family artificialintelligence puzzle games indiegames
1891936446904238349,"strange ways emproyees can (accidently) expose data
#DataSecurity #Privacy
#100DaysOfCode
#CloudSecurity
#MachineLearning #Phishing #Ransomware #Cybersecurity #CyberAttack #DataProtection
#DataBreach #Hacked
#Infosec!! https://t.co/Sha0Vlj2vO",CyberHacker100,strange ways emproyees can accidently expose data datasecurity privacy daysofcode cloudsecurity machinelearning phishing ransomware cybersecurity cyberattack dataprotection databreach hacked infosec
1891936406731153882,"@oceanprotocol Advanced AI &amp; ML Training ü§ñ
With @oceanprotocol,you can train models on diverse datasets without compromising data security.This ensures stronger AI research while preserving data sovereignty. The future of AI is private and decentralized! #AI #MachineLearning #DataPrivacy #Web3",Lifepoint01,advanced ai amp ml training with you can train models on diverse datasets without compromising data securitythis ensures stronger ai research while preserving data sovereignty the future of ai is private and decentralized ai machinelearning dataprivacy web
1891936397868614063,"üß† What‚Äôs Next?
The most common AI models used in agents are LLMs (Large Language Models).
I‚Äôll dive deeper into LLMs in tomorrow‚Äôs tweet with code snippets‚Äîstay tuned! üöÄ

#AI #MachineLearning #HuggingFace #OpenAI",amitak0707,whats next the most common ai models used in agents are llms large language models ill dive deeper into llms in tomorrows tweet with code snippetsstay tuned ai machinelearning huggingface openai
